INSERT INTO roles (id, role)
VALUES (1, 'ROLE_USER'),
       (2, 'ROLE_ADMIN');

INSERT INTO users (username, email, password, is_enabled)
VALUES ('a', 'a@a.com', '$2a$10$Y2xKL3PjHd257clTHpcJl.tg4qtFyDH1/Q8UESXboV9tMnXGRjShm', true),
       ('b', 'b@b.com', '$2a$10$QMlzlGyhELD1bhRQrJQ/3Oc.A6K5axHGiqXSp7ZkmoRRmhIdbhgCy', true),
       ('BillGates', 'microsoft@outlook.com', '$2a$10$kcKvLya3fvMwKbBycgStF.yf8PIiSwXMCxc8WyRD5vYI/cb3jYcy2', true),
       ('MarkZuckerberg', 'mark.zuckerberg@facemail.com',
        '$2a$10$8gSiB2zsTed0rNr01IhhkumJEEJYHd0Jluzar1hoDzY0czxd4E4kK', true),
       ('LinusTorvalds', 'penguin@linux.com', '$2a$10$e6BSDr2.qNmlUjPiPxKtXOy6VXLNicBjJOmFfVCSe3x8Ce.69SPO6', true),
       ('GeorgeHotz', 'comma@mail.com', '$2a$10$c74z6i5BEpZd7zxDt3Oh4ubXr6dvk6zS6TR3FGW09twI0o7nEkqve', true),
       ('JamesGosling', 'james.java@mail.com', '$2a$10$X/G9UC9p2xDy0o8epoePCOzs/PGreS35kbrdUo51UjZgBcmiozikm', true),
       ('Rob', 'rob@gmail.com', '$2a$10$aIeVCFtezvuV9sIScXRB5OYSSrHbDZJGJpHlL6dDBUKQ1FNeqcYs2', true),
       ('SteveJobs', 'iLoveApple@icloud.com', '$2a$10$kFFzJ/OTpPpiXEGeCJehsO6.g1CHVayzVyVLVfS3wJvhXUMJ/0lES', true),
       ('Fresh', 'freshAccount@gmail.com', '$2a$10$lc13ubg0RbdjRnn/6fiCoOHFfSnBs4deqfUjByxCqCk9D9r7CzsM6', true);

INSERT INTO users_roles (user_id, roles_id)
VALUES (1,  1),
       (1,  2),
       (2,  1),
       (3,  1),
       (4,  1),
       (5,  1),
       (6,  1),
       (7,  1),
       (8,  1),
       (9,  1),
       (10, 1);

INSERT INTO user_details (user_id, level, expierience, current_rank,
                          number_of_wins, number_of_loses, number_of_draws,
                          number_of_posts, number_of_comments, number_of_votes)
VALUES (1,  '13', '13555', 'Challenger', '0', '0', '0', '0', '0', '0'),
       (2,  '2' , '80'   , 'Bronze'    , '0', '0', '0', '0', '0', '0'),
       (3,  '3' , '190'  , 'Silver'    , '0', '0', '0', '1', '2', '4'),
       (4,  '5' , '365'  , 'Gold'      , '0', '1', '0', '2', '2', '4'),
       (5,  '11', '6795' , 'Master'    , '3', '1', '1', '1', '1', '4'),
       (6,  '12', '7295' , 'Master'    , '0', '1', '1', '0', '0', '4'),
       (7,  '9' , '2400' , 'Diamond'   , '0', '1', '0', '0', '0', '3'),
       (8,  '7' , '850'  , 'Platinum'  , '0', '0', '0', '0', '0', '4'),
       (9,  '6' , '700'  , 'Gold'      , '1', '0', '0', '1', '0', '4'),
       (10, '1' , '0'    , 'Bronze'    , '0', '0', '0', '0', '0', '0');

INSERT INTO posts (title, description, date, up_vote, down_vote, user_id)
VALUES ('Learning English',
        'Hello im penguin, how did you learn English? When did you started and whats level do you have?',
        '2019-02-15 07:10:52', 3, 0, 5),
       ('Apple', 'Is apple a cool company?', '2019-02-24 07:14:56', 0, 7, 9),
       ('British vs American', 'Differences between British and American English?', '2019-02-21 08:11:12', 2, 2, 4),
       ('In, On, At', 'When to use these words? Can someone explain it?', '2019-02-22 09:12:14', 5, 1, 3),
       ('Free time', 'What do you do in your free time?', '2019-02-23 06:13:55', 2, 5, 4);

INSERT INTO votes (post_id, user_id, date, type)
VALUES (1, 3, '2019-02-15 08:10:52', 'Y'),
       (1, 4, '2019-02-16 08:15:38', 'Y'),
       (1, 6, '2019-02-16 14:45:23', 'Y'),
       (2, 3, '2019-02-21 14:59:12', 'N'),
       (2, 4, '2019-02-22 20:11:03', 'N'),
       (2, 5, '2019-02-22 14:45:23', 'N'),
       (2, 6, '2019-02-22 20:00:07', 'N'),
       (2, 7, '2019-02-23 21:02:23', 'N'),
       (2, 8, '2019-02-24 22:22:07', 'N'),
       (2, 9, '2019-03-01 23:44:21', 'Y'),
       (3, 3, '2019-03-04 08:59:46', 'Y'),
       (3, 5, '2019-03-04 03:25:12', 'Y'),
       (3, 8, '2019-03-04 13:44:55', 'N'),
       (3, 9, '2019-03-05 03:10:12', 'N'),
       (4, 4, '2019-03-05 10:11:09', 'Y'),
       (4, 5, '2019-03-05 20:23:54', 'Y'),
       (4, 6, '2019-03-10 02:12:12', 'N'),
       (4, 7, '2019-03-11 09:54:21', 'Y'),
       (4, 8, '2019-03-11 15:17:13', 'Y'),
       (4, 9, '2019-03-11 16:30:15', 'Y'),
       (5, 3, '2019-03-15 17:20:45', 'N'),
       (5, 4, '2019-03-16 09:19:55', 'Y'),
       (5, 5, '2019-03-20 07:05:23', 'N'),
       (5, 6, '2019-03-21 12:04:29', 'Y'),
       (5, 7, '2019-03-22 22:22:30', 'N'),
       (5, 8, '2019-03-25 02:09:04', 'N'),
       (5, 9, '2019-03-27 23:11:59', 'N');

INSERT INTO comments (post_id, user_id, text, date)
VALUES (1, 3, 'Hi! I always wanted to meet u Mr. LinuX Torvalds! Tbh I learnt english by programming, peace!',
        '2019-02-15 08:12:44'),
       (1, 4,
        'Hello :) I learnt many languages like for ex. Polish, German and English by creating an internationalization
         app. If u want to see my app, type www.facebook.com in your browser :) Have a nice day guys!',
        '2019-02-16 08:20:12'),
       (1, 5, 'Yeah, but which english level have u got guys?', '2019-02-16 14:46:23'),
       (1, 3, 'Ive got a C1 level I think, but I want to have C2 as obvious :)', '2019-02-17 08:22:10'),
       (1, 4, 'Ive got a C2+ level because I was born in UK.', '2019-02-17 08:22:10');

INSERT INTO questions (id, question, answers, correct_answer_full_form, correct_answer_short_form)
VALUES (1 ,  'Whats ... name?', 'you:your:yours:yourse', 'your', 'b'),
       (2 ,  'He goes to his guitar lessons ...', 'by underground:on underground:with underground:in underground', 'by underground', 'a'),
       (3 ,  'We haven’t got ... Champagne.', 'a lot:little:too:much', 'much', 'd'),
       (4 ,  'David is the boss, you need to speak to ...', 'it:him:her:them', 'him', 'b'),
       (5 ,  'She ... Supper with us last Friday.', 'hadn’t:no had:didn’t have got:didn’t have', 'didn’t have', 'd'),
       (6 ,  'I haven’t got ...', 'no brothers or sisters:brothers or sisters:any brothers or sisters:some brothers and sisters', 'any brother or sisters', 'c'),
       (7 ,  'George ... fly to Stockholm tomorrow. ', 'to going:goes to:is going to:go to', 'is going to', 'c'),
       (8 ,  'I wanted an orange car, but they only had ...', 'a one red:one red:a red one:a red', 'a red one', 'c'),
       (9 ,  'Have you ...?', 'got any friends in Barcelona:not got no friends in Barcelona:in Barcelona any friends:friends in Barcelona got', 'got any friends in Barcelona', 'a'),
       (10,  'There is ... of beer left from the party.', 'little:much:a lot:too', 'a lot', 'c'),
       (11,  'I’ve lost my passport. I can’t find it ...', 'anywhere:nowhere:everywhere:somewhere', 'anywhere', 'a'),
       (12,  'Michael ... Paris in the morning.', 'to leaving:leaves for:is leaving for:leave to', 'is leaving for', 'c'),
       (13,  'They ... time for lunch.', 'hadn’t:didn’t have:didn’t have got:had not', 'didn’t have', 'b'),
       (14,  'Suddenly, we heard a loud noise, but outside, there ... there!', 'was nobody:is anybody:wasn’t nobody:was somebody', 'was nobody', 'a'),
       (15,  'He says he’s been robbed. He can’t find his wallet ...', 'not anywhere:nowhere:anywhere:somewhere', 'anywhere', 'c'),
       (16,  'I haven’t got ...', 'no money:money:any money:some money', 'any money', 'c'),
       (17,  '... orange juice in the fridge.', 'There isn’t no:There is any:There isn’t any:There aren’t no', 'There isn’t any', 'c'),
       (18,  'He ... breakfast yesterday.', 'hadn’t:no had:didn’t have got:didn’t have', 'didn’t have', 'd'),
       (19,  'I have to go to the bank ... some money.', 'for getting:to get:to getting:for to get', 'to get', 'b'),
       (20,  'I’ve lost my keys. I can’t find them ...', 'anywhere:nowhere:everywhere:somewhere', 'anywhere', 'a'),
       (21,  'We’ll never get to the airport! There is ... time!', 'few:too little:too much little:too few', 'too little', 'b'),
       (22,  'She arrived ... Victoria Station half an hour late.', 'in:at:on:by', 'at', 'b'),
       (23,  'There ... hooligans at the match, for a change.', 'were no:weren’t no:were any:were not', 'were no', 'a'),
       (24,  'We’re really looking forward ... on holiday.', 'to go:going:go:to going', 'to going', 'd'),
       (25,  'Don’t start ... That’s for babies!', 'to crying!:crying!:cry!:in crying!', 'crying!', 'b'),
       (26,  'Micheal ... in Paris since 1999.', 'lives:is living:does live:has lived', 'has lived', 'd'),
       (27,  '“... have you been going out with him?” “Only a few months”', 'How long:How long time:What time:For how long', 'How long', 'a'),
       (28,  'They weren’t happy about the new cat, and frankly, nor ...', 'weren’t:wasn’t:were:was', 'was', 'd'),
       (29,  'She can’t escape the fire. There is ..... time!', 'much few:too much little:too little:too few', 'too little', 'c'),
       (30,  'We were surprised that there ... queues outside the cinema.', 'were any:weren’t no:were no:were not', 'were no', 'c'),
       (31,  'You live upstairs from me, ...', 'do you?:are you?:don’t you?:didn’t you?', 'don’t you?', 'c'),
       (32,  'If I didn’t have to work, I ... the beach.', 'will move to:have moved to:would move to:would have moved to', 'would move to', 'c'),
       (33,  'He arrived ... Heathrow airport on Friday morning.', 'in:at:on:by', 'at', 'b'),
       (34,  'There ... spectators at the match.', 'were no:weren’t no:were any:were not', 'were no', 'a'),
       (35,  'He’s looking forward ... that film.', 'to see:seeing:see:to seeing', 'to seeing', 'd'),
       (36,  'If I won the lottery, I ... a house in the country.', 'will buy:have bought:would buy:would have bought', 'would buy', 'c'),
       (37,  'They weren’t surprised and nor ... I.', 'weren’t:wasn’t:were:was', 'was', 'd'),
       (38,  'If you are in Madrid, you can come and visit me ... you like.', 'whenever:soon:always:whatever', 'whenever', 'a'),
       (39,  'I’m catching an early flight tomorrow, so I ... drink too much champagne!', 'needn’t:haven’t:mustn’t:have had to', 'mustn’t', 'c'),
       (40,  'His wedding is the ... of my problems! What about my car bills?', 'fewer:less:last:least', 'least', 'd'),
       (41,  'The good looking man ... by the door is my boyfriend.', 'whose:standing:is standing:stands', 'standing', 'b'),
       (42,  '"Those shopping bags look really heavy ... carry one for you? —“That’s very kind of you!”', 'Will I:Do I have:Shall I:Do I', 'Shall I', 'c'),
       (43,  'Don’t forget ... the rubbish.', 'to put out:putting out:to putting out:put out', 'to put out', 'a'),
       (44,  'I’ll never forget ... Rosa win the Eurovision.', 'see:to see:seeing:seen', 'seeing', 'c'),
       (45,  'In the beginning the street was noisy, but now I ... it.', 'used to:used:am used to:would', 'am used to', 'c'),
       (46,  'I wouldn’t mind ... an early night, tonight I’m exhausted!', 'to have:have:having:to having', 'having', 'c'),
       (47,  'When you come back, don’t forget ... the post.', 'pick up:picking up:to pick up:to picking up', 'to pick up', 'c'),
       (48,  'How long have you worked here? I don’t remember ... you before.', 'did meet:meeting:to meeting:to meet', 'meeting', 'b'),
       (49,  'That was a horrible thing to say. I think you ... apologise.', 'need:have:should have:ought to', 'ought to', 'd'),
       (50,  'You can meet me ... you like.', 'whenever:soon:always:whatever', 'whenever', 'a'),
       (51,  'I ... working at night nowadays.', 'used to:used:am used to:would', 'am used to', 'c'),
       (52,  'I have to catch the 5.00 am train tomorrow, so I ... go to bed early.', 'needn’t:haven’t:have to:have had to', 'have to', 'c'),
       (53,  'I wouldn’t mind ... tonight.', 'to go out:go out:going out:to going out', 'going out', 'c'),
       (54,  'I thought you ...', 'will come to the party.:were coming to the party.:come to the party.:have come to the party.', 'were coming to the party.', 'b'),
       (55,  'It was really difficult, but eventually he ... get tickets for the match.', 'was able to:can:could:would can', 'was able to', 'a'),
       (56,  'I wouldn’t do that if I ... you.', 'am:have been:were:would be', 'were', 'c'),
       (57,  '... that I knew what he was up to.', 'Little did he know:Little known:Little he knew:Little knowing', 'Little did he know', 'a'),
       (58,  'It’s a pity you didn’t come to the Exhibition. You ... It.', 'would like:had liked:would have liked:will like', 'would have liked', 'c'),
       (59,  'I’m sorry for his bad behaviour. He ... have apologised.', 'must:may:would:should', 'should', 'd'),
       (60,  'What an amazing holiday! We should have done this ...', 'years back:for years:since years:in years', 'years back', 'a'),
       (61,  'Although it was very late, she ... book two tickets to Greece.', 'should:can:was able to:would can', 'was able to', 'c'),
       (62,  'If I ... going to enter the competition, I would have done by now.', 'am:were:would be:would been', 'were', 'b'),
       (63,  'David walked by us ... he didn’t know us!', 'like:as if he were:as if:as', 'as if', 'c'),
       (64,  'My mother was expecting me on Friday, but ... I was arriving on Thursday.', 'little did she know:little known:little he knew:little knowing', 'little did she know', 'a'),
       (65,  'It would be lovely to go to Japan, but ... thinking we can.', 'there is no use:it is no point:it is no use:it is usefulness', 'it is no use', 'c'),
       (66,  'He drove so fast ... a mad man.', 'as if:as if he were:like:as', 'as if he were', 'b'),
       (67,  '... but I realised what he had done.', 'Little did he know:Little known:Little he knew:Little knowing', 'Little did he know', 'a'),
       (68,  'He wrote the programme ..., he didn’t need anybody’s help.', 'by his own:on his own:on himself:by his ownership', 'on his own', 'b'),
       (69,  '... waiting any longer. They are clearly not coming.', 'There is no use:It is no point:It is no use:It is usefulness', 'There is no use', 'a'),
       (70,  '“We’ll never be able to do it” said the man to nobody ...', 'especially:specially:in particular:himself', 'in particular', 'c'),
       (71,  'The milk is ... the refrigerator.', 'to:of:at:in', 'in', 'd'),
       (72,  'What hours ... ?', 'work you normally:are you normally working:you work normally:do you normally work', 'do you normally work', 'd'),
       (73,  'The Kowalskis have always ... the same doctor.', 'gone to:saw:been:going to', 'gone to', 'a'),
       (74,  'It was really nice ... you to invite me.', 'for:to:with:of', 'of', 'd'),
       (75,  'The house has been ... the market for a while.', 'by:to:on:in', 'on', 'c'),
       (76,  'I’m not very good ... maths.', 'with:on:at:for', 'at', 'c'),
       (77,  'You are ... no obligation to go.', 'to:with:under:on', 'under', 'c'),
       (78,  'He is ... charge of the whole department.', 'at:in:on:to', 'in', 'b'),
       (79,  'Robert is an authority ... English literature.', 'in:on:over:at', 'on', 'b'),
       (80,  'You must be responsible ... your decisions.', 'of:to:by:for', 'for', 'd'),
       (81,  'I’m very concerned ... his smoking.', 'against:with:about:for', 'about', 'c'),
       (82,  'Could you deal ... this problem later, please?', 'for:with:from:on', 'with', 'b'),
       (83,  'I want to protest ... the state of the building.', 'over:on:about:of', 'about', 'c'),
       (84,  'People were amazed that the burglary took place in ... daylight.', 'wide:broad:large:open', 'broad', 'b'),
       (85,  'She invested a lot of time ... researching the most appropriate university course.', 'to:for:with:in', 'in', 'd'),
       (86,  'The police claimed that they acted in self - ...', 'interest:confidence:defence:discipline', 'defence', 'c'),
       (87,  'I ... remember putting my briefcase down on that shelf.', 'deeply:entirely:clearly:strongly', 'clearly', 'c'),
       (88,  'He turned ... to be considerably older than I had imagined.', 'over:up:out:round', 'out', 'c'),
       (89,  'The windows in this house are in urgent ... of replacement.', 'need:help:want:demand', 'need', 'a'),
       (90,  'Speed cameras ... shown to reduce accidents.', 'have:were being:have been:are being', 'have been', 'c'),
       (91,  'Life is a ... deal easier for immigrants who can speak the local language.', 'far:huge:big:great', 'great', 'd'),
       (92,  'The experiment ... testing people’s responses before and after drinking coffee.', 'contained:incorporated:involved:consisted', 'involved', 'c'),
       (93,  'We may be a bit late. We’re ... in a traffic jam.', 'buried:stuck:blocked:surrounde', 'stuck', 'b'),
       (94,  'Having ... his driving test several times, Paul finally passed at the fourth attempt.', 'taken:made:had:attended', 'taken', 'a'),
       (95,  'Gospel music has been a major influence ... other musical styles, especially soul.', 'with:to:about:on', 'on', 'd'),
       (96,  'Maintaining an accurate balance sheet is essential, ... business you’re in.', 'however:wherever:whatever:whenever', 'whatever', 'c'),
       (97,  'It’s ... likely that this novel will win a literary prize.', 'totally:deeply:strongly:highly', 'highly', 'd'),
       (98,  'It’s no ... for me to get Brad’s phone number - I’ll be seeing him tonight.', 'point:wonder:secret:problem', 'problem', 'd'),
       (99,  'I’d lived in Australia, so I was used to ... on the left side of the road.', 'driving:drive:having driven:drove', 'driving', 'a'),
       (100, 'I don’t think the colours in Julia’s outfit ... together.', 'fit:suit:match:go', 'go', 'd'),
       (101, 'Very rarely ... here in July', 'it rains:does it rain:is it raining:is it raining', 'does it rain', 'b'),
       (102, 'I prefer to buy CD’s ... download music from my computer.', 'in contrast to:as opposed to:rather than:in comparison to', 'rather than', 'c'),
       (103, 'The number of turtles on the island ... by 70% over the last decade.', 'has declined:has been declining:has been declined:is declining', 'has declined', 'a'),
       (104, 'She was a devoted wife and looked ... her husband.', 'at:upon:after:for', 'after', 'c'),
       (105, 'Good sleep is necessary ... good health.', 'from:for:of:at', 'for', 'b'),
       (106, 'My voice reverberated ... the walls of the castle.', 'from:on:with:in', 'from', 'a'),
       (107, 'A steady minds triumphs ... difficulties.', 'with:at:in:over', 'over', 'd'),
       (108, 'Jack’s mind was attuned ... music.', 'on:at:with:to', 'to', 'd'),
       (109, 'I bought him ... with great difficulty.', 'round:up:in:about', 'up', 'b'),
       (110, 'My uncle has invested a lot of money ... farming.', 'in:on:for:into', 'in', 'a'),
       (111, 'India is committed ... a policy of peaceful existence.', 'with:of:for:to', 'to', 'd'),
       (112, 'Exercise is beneficial ... health.', 'towards:in:for:to', 'to', 'd'),
       (113, 'A good judge never jumps ... to conclusion.', 'to:at:on:for', 'at', 'b'),
       (114, 'A good judge never gropes ... the conclusion.', 'in:on:for:into', 'for', 'c'),
       (115, 'The principal called ... the names of the winners.', 'at:on:for:out', 'out', 'd'),
       (116, 'Siva has no control ... his temper.', 'in:after:at:over', 'over', 'd'),
       (117, 'He was advised to abstain ... all alcoholic drinks.', 'to:at:from:for', 'from', 'c'),
       (118, '... the whole, I like the book very much.', 'from:on:at:in', 'on', 'b'),
       (119, 'My relations ... Suganya are good.', 'with:on:against:to', 'with', 'a'),
       (120, 'The teacher has no control ... the students.', 'over:on:with:at', 'over', 'a'),
       (121, 'I am angry with him ... his carelessness.', 'in:for:at:of', 'for', 'b'),
       (122, 'There is no exception ... this rule.', 'in:to:for:about', 'to', 'b'),
       (123, 'I was very surprised when she said she ... her exam.', 'failed:was failed:have failed:had failed', 'had failed', 'd'),
       (124, 'While I was going home, my son ... to France.', 'flew:flown:was flying:has been flying', 'was flying', 'c'),
       (125, 'When I was a child I ... tennis twice a week.', 'played:used to play:use to play:was used to play', 'used to play', 'b'),
       (126, 'As a young child Kate ... most of her time playing the piano.', 'spend:would spend:had spent:was spending', 'would spend', 'b'),
       (127, 'How long ... here?', 'do you wait:are you waiting:have you been waiting:had you been waiting', 'have you been waiting', 'c'),
       (128, 'Never ... such a beautiful and smart girl.', 'do I see:have I seen:did I see:I saw', 'have I seen', 'b'),
       (129, 'What ... so wonderful?', 'smells:is smelling:does it smell:is it smelling', 'smells', 'a'),
       (130, 'It’s been ages since I last ... you.', 'saw:have seen:had seen:was seen', 'saw', 'a'),
       (131, 'We all knew that something wasn''t right, but she didn''t want to say what ...', 'happen:was happening:had happened:happened', 'had happened', 'c'),
       (132, 'As soon as I ... my money back, I''ll buy a new car.', 'get:will get:got:am getting', 'get', 'a'),
       (133, 'My train ... in half an hour. Could you give me a lift?', 'will leave:is going to leave:is leaving:leaves', 'leaves', 'd'),
       (134, 'She’s nice but I assume we ... as a couple.', 'won’t work out:wouldn’t work out:are not going to work out:aren’t working out', 'wouldn’t work out', 'b'),
       (135, 'Stop shouting at me! You ... my ideas!', 'always criticise:are always criticising:have always criticised:always criticised', 'are always criticising', 'b'),
       (136, 'When I got back home, everybody ...', 'slept:was sleeping:had slept:had been sleeping', 'was sleeping', 'b'),
       (137, 'Next year we ... married for a 20 years.', 'will have been:will be:will have been being:are', 'will have been', 'a'),
       (138, 'It was obvious that she would pass her exam. She ... for weeks.', 'was preparing:had been preparing:prepared:had prepared', 'had been preparing', 'b'),
       (139, 'Look at his white face. He ...', 'will faint:is going to faint:is fainting:have fainted', 'is going to faint', 'b'),
       (140, 'This time tomorrow I ... to Greece.', 'will fly:am flying:will be flying:will have been flying', 'will be flying', 'c'),
       (141, 'The Internet ... more and more popular.', 'is getting:gets:has been getting:got', 'is getting', 'a'),
       (142, 'Look at her. She ...', 'is to cry:is supposed to cry:is about to cry:is due to cry', 'is about to cry', 'c'),
       (143, 'I need to buy ... one-day ticket.', 'a:an:the:-', 'a', 'a'),
       (144, 'The TV was on but nobody ... it.', 'watched:was watching:were watching:has watched', 'was watching', 'b'),
       (145, 'We ... to Paris tomorrow.', 'fly:will fly:are going to fly:are flying', 'are flying', 'd'),
       (146, 'I’m not hungry. I’ve ... eaten my dinner.', 'yet:already:still:once', 'already', 'b'),
       (147, 'My father always lets me ... TV series on Saturday.', 'watch:to watch:watched:watching', 'watch', 'a'),
       (148, 'Tom, would you like ... coffee?', 'a:an:some:-', 'some', 'c'),
       (149, 'Paul has ... friends in his new school.', 'much:a lot:few:a little', 'few', 'c'),
       (150, 'You ... too much recently.', 'drank:was drinking:has drunk:has been drinking', 'has been drinking', 'd'),
       (151, 'We ... for an hour when I suddenly felt bad.', 'ran:were running:had run:had been running', 'had been running', 'd'),
       (152, 'They’re putting their bags into the car. They ... on holidays.', 'have to go:have to be going:must go:must be going', 'must be going', 'd'),
       (153, 'No wonder you feel sick now. You ... all the cake.', 'didn’t have to eat:shouldn’t eat:shouldn’t have eaten:didn’t need to eat', 'shouldn’t have eaten', 'c'),
       (154, 'Nobody knew about my plans so it ... you who gave it away.', 'had to be:must be:must have been:should have been', 'must have been', 'c'),
       (155, 'I’m sorry, but all the tickets ...', 'sold:were sold:have sold:have been sold', 'have been sold', 'd'),
       (156, 'Rebecca, could you ... my children tomorrow?', 'loot at:look after:look into:look for', 'look after', 'b'),
       (157, 'You should really give ... smoking if you want to be healthy.', 'up:off:after:away', 'up', 'a'),
       (158, 'If I ... a litlle stronger, I ... that competition.', 'was ... would win:had been ... would have won:were ... would have won:had been ... would won', 'were ... would have won', 'c'),
       (159, 'If the weather ... bad, we ... at home.', 'is ... will always stay:was ... always stayed:was ... would always stay:had been ... would stay', 'was ... always stayed', 'b'),
       (160, 'If you ... your exam, you ... learn now.', 'passed ... wouldn’t have to:had passed ... wouldn’t have had to:passed ... wouldn’t have had to:had passed ... wouldn’t have to', 'had passed ... wouldn’t have to', 'd'),
       (161, 'If you ... him, he ... left out.', 'hadn’t invited ... would feel:didn’t invite ... would have felt:hadn’t invited ... might have felt:don’t invite ... might have felt', 'hadn’t invited ... might have felt', 'c'),
       (162, 'If my mum ... us yesterday, we ... hurry now.', 'had packed ... wouldn’t have to:had packed ... won’t have to:packed ... wouldn’t have to:had packed ... wouldn’t have had to', 'had packed ... wouldn’t have to', 'a'),
       (163, 'If only I ... so much, I ... much better.', 'didn’t eat ... would feel:hadn’t eaten ... would have felt:didn’t eat ... would have felt:hadn’t eaten ... would feel', 'hadn’t eaten ... would feel', 'd'),
       (164, 'I ... it for you ... help me.', 'will do ... if you don’t:will do ... unless you:will do ... provided you:won’t do ... only if you', 'will do ... provided you', 'c'),
       (165, 'If you ... Kate, could you inform me?', 'could meet:met:would meet:should meet', 'should meet', 'd'),
       (166, 'If it ... Paul, we ... that game.', 'wasn’t ... would have lost:hadn’t been for ... would have lost:wasn’t for ... would lost:hadn’t been for ... would lost', 'hadn’t been for ... would have lost', 'b'),
       (167, 'We ... lots of troubles ...', 'would have ... but for you:would have ... if you had helped us:would have had ... but for your help:would have had ... if you had helped us', 'would have had ... but for your help', 'c'),
       (168, '... about that incident, I ... in trouble but, fortunately, nobody told him.', 'Did he find out ... would be:Had he found out ... would have been:Did he find out ... would have been:Had he found out ... would be', 'Had he found out ... would have been', 'b'),
       (169, 'Drink a coffee if it ... you feel better.', 'will make:would make:make:made', 'will make', 'a'),
       (170, 'It ... very nice of you if you ... me with the washing-up.', 'would be ... help:will be ... help:would be ... would help:is ... help', 'would be ... would help', 'c'),
       (171, 'Indicate a word that does not match the others.', 'pleased:happy:excited:greedy', 'greedy', 'd'),
       (172, 'Indicate a word that does not match the others.', 'pretty:beautiful:cute:repulsive', 'repulsive', 'd'),
       (173, 'Indicate a word that does not match the others.', 'polite:nice:disobedient:open-hearted', 'disobedient', 'c'),
       (174, 'Indicate a word that does not match the others.', 'impatient:fifthy:generous:rude', 'generous', 'c'),
       (175, 'Indicate a word that does not match the others.', 'piano:trumpet:mouth organ:drummer', 'drummer', 'd'),
       (176, 'Indicate a word that does not match the others.', 'steal:testify:smuggle:burgle', 'testify', 'b'),
       (177, 'Indicate a word that does not match the others.', 'burial:birth:wedge:wedding', 'wedge', 'c'),
       (178, 'Indicate a word that does not match the others.', 'screen:stage:stalls:circle', 'screen', 'a'),
       (179, 'Indicate a word that does not match the others.', 'soloist:choir:conductor:chorus', 'chorus', 'd'),
       (180, 'Indicate a word that does not match the others.', 'fit:carry:go with:suit', 'carry', 'b'),
       (181, 'Indicate a word that does not match the others.', 'kidney:trolley:liver:pancreas', 'trolley', 'b'),
       (182, 'Indicate a word that does not match the others.', 'sob:laugh:amuse:entertain:', 'sob', 'a'),
       (183, 'Indicate a word that does not match the others.', 'previous:subsequent:next:following', 'previous', 'a'),
       (184, 'Indicate a word that does not match the others.', 'download:upload:send:occur', 'occur', 'd'),
       (185, 'Indicate a word that does not match the others.', 'litter:lorry:trash:rubbish', 'lorry', 'b'),
       (186, 'Your driving licence ... next week.', 'is expiring:expires:will expire:is going to expire', 'expires', 'b'),
       (187, 'As soon as I ... back, I ... you something nice.', 'will go ... will buy:go ... will buy:will go ... buy:go ... am going to buy', 'go ... will buy', 'b'),
       (188, 'Can you visit me tomorrow? Well, I suppose you ... me for some time. We ... on holidays.', 'won’t see ... will go:are not going to see ... are going:are not seeing ... will be going:won’t see ... are going', 'won’t see ... are going', 'd'),
       (189, 'I hope it ... tomorrow.', 'isn’t raining:is not going to rain:doesn’t rain:won’t have been raining', 'doesn’t rain', 'c'),
       (190, 'Every student ... the matura exam in May.', 'is taking:will take:is going to take:takes', 'takes', 'd'),
       (191, 'I have a proposal for Peter. ... him tonight?', 'Will you be seeing:Will you see:Are you going to see:Do you see', 'Will you be seeing', 'a'),
       (192, 'You ... your room without my permission.', 'won’t leave:are not to leave:are about to leave:are going to leve', 'are not to leave', 'b'),
       (193, 'The concert ... at 8 p.m.', 'will start:is starting:is due to start:is about to start', 'is due to start', 'c'),
       (194, 'If she ... pass the exam, she needs to study harder.', 'is to:is about to:is due to:is bound to', 'is to', 'a'),
       (195, 'I can’t look at these documents any longer. I ... madness.', 'am about to:on the verge of:on the step of:will be in', 'on the verge of', 'b'),
       (196, '... the window?', 'Will I open:Shall I open:Am I opening:Am I going to open', 'Shall I open', 'b'),
       (197, 'Tom ... for the company for 20 years next week. We ... a party for him.', 'is working ... will organise:will have worked ... are organising:will have been working ... are going to organise:will be working ... will organise', 'will have been working ... are going to organise', 'c'),
       (198, 'I ... a party and would like to invite you. Thanks, if you need any help, I ... you a hand.', 'am going to organise ... am going to give:will organise ... will give:am organising ... am giving:am organising ... will give', 'am organising ... will give', 'd'),
       (199, 'Hurry up! The train ...', 'is about to leave:is to leave:is on the brick of leaving:will be leaving', 'is about to leave', 'a'),
       (200, 'I ... come with you.', 'shalln’t:shan’t:not shall:don’t shall', 'shan’t', 'b');

INSERT INTO oponents (my_answers, answers_status, gained_experience_for_correct_answers, bonus_experience_for_result, total_gained_experience, result, user_id)
VALUES ('b:a:c:b:a', '1:1:0:1:0', '60', '60', '120', 'WIN' , 5),
       ('d:a:b:c:a', '0:1:0:0:0', '15', '1' , '16' , 'LOSE', 6),
       ('a:a:a:a:a', '1:1:1:1:1', '75', '10', '85' , 'DRAW', 5),
       ('a:a:a:a:a', '1:1:1:1:1', '75', '10', '85' , 'DRAW', 6),
       ('a:b:d:a:c', '1:0:1:1:1', '60', '1' , '61' , 'LOSE', 4),
       ('a:c:d:a:c', '1:1:1:1:1', '75', '75', '150', 'WIN' , 5),
       ('c:d:a:b:b', '1:0:0:1:0', '30', '1' , '31' , 'LOSE', 5),
       ('c:c:c:b:a', '1:1:1:1:0', '60', '60', '120', 'WIN' , 9),
       ('b:a:b:c:a', '1:1:0:1:1', '60', '60', '120' , 'WIN' , 5),
       ('b:d:b:c:d', '1:0:0:1:0', '30', '1' , '31' , 'LOSE', 7),
       ('b:d:d:c:a', '1:1:1:1:1', NULL, NULL, NULL, 'NONE' , 6),
       (NULL, NULL, NULL, NULL, NULL, 'NONE', 5),
       ('d:a:b:c:d', '1:0:0:0:1', NULL, NULL, NULL, 'NONE' , 3),
       (NULL, NULL, NULL, NULL, NULL, 'NONE', 5),
       ('b:d:d:a:b', '1:1:1:0:1', NULL, NULL, NULL, 'NONE' , 5),
       (NULL, NULL, NULL, NULL, NULL, 'NONE', 8),
       ('a:b:d:c:c', '1:0:0:0:0', NULL, NULL, NULL, 'NONE' , 5),
       (NULL, NULL, NULL, NULL, NULL, 'NONE', 9),
       ('c:c:a:b:c', '1:1:0:0:1', NULL, NULL, NULL, 'NONE' , 5),
       (NULL, NULL, NULL, NULL, NULL, 'NONE', 4);

INSERT INTO challenges (attacker_id, defender_id, date_of_creation, status)
VALUES (1,  2,  '2019-04-17 18:35:52', 'COMPLETED'),
       (3,  4,  '2019-04-18 09:54:32', 'COMPLETED'),
       (5,  6,  '2019-04-25 23:22:12', 'COMPLETED'),
       (7,  8,  '2019-04-27 12:55:34', 'COMPLETED'),
       (9,  10, '2019-04-27 14:12:01', 'COMPLETED'),
       (11, 12, '2019-04-30 19:21:52', 'PENDING'),
       (13, 14, '2019-04-30 19:30:02', 'PENDING'),
       (15, 16, '2019-04-30 23:15:54', 'PENDING'),
       (17, 18, '2019-05-01 04:30:33', 'PENDING'),
       (19, 20, '2019-05-02 12:32:55', 'PENDING');

INSERT INTO challenges_questions (challenge_id, questions_id)
VALUES (1,  1),
       (1,  2),
       (1,  3),
       (1,  4),
       (1,  5),
       (2,  103),
       (2,  99),
       (2,  94),
       (2,  67),
       (2,  69),
       (3,  43),
       (3,  39),
       (3,  85),
       (3,  34),
       (3,  75),
       (4,  12),
       (4,  17),
       (4,  81),
       (4,  54),
       (4,  85),
       (5,  25),
       (5,  23),
       (5,  49),
       (5,  77),
       (5,  79),
       (6,  1),
       (6,  3),
       (6,  5),
       (6,  7),
       (6,  9),
       (7,  24),
       (7,  48),
       (7,  102),
       (7,  73),
       (7,  26),
       (8,  21),
       (8,  72),
       (8,  35),
       (8,  10),
       (8,  4),
       (9,  60),
       (9,  85),
       (9,  99),
       (9,  103),
       (9,  25),
       (10, 31),
       (10, 16),
       (10, 22),
       (10, 23),
       (10, 96);
